ID,Question,Answer
1,Are your cashews organic?,"Yes, our cashews are certified organic."
2,Do you offer bulk discounts on walnuts?,"Yes, we provide discounts for orders over 5kg of walnuts."
3,How should I store pistachios?,"Keep them in an airtight container in a cool, dry place."
4,Do you deliver peanuts?,"Yes, we offer local delivery for peanuts orders."
5,Are your macadamia nuts salted or unsalted?,We sell both salted and unsalted macadamia nuts.
6,Do you sell hazelnuts in gift packs?,"Yes, hazelnuts gift packs are available for special occasions."
7,Do you have roasted brazil nuts?,"Yes, we sell both raw and roasted brazil nuts."
8,Are your almonds suitable for vegans?,"Yes, all our almonds are vegan-friendly."
9,What is the shelf life of cashews?,Our cashews stay fresh for about 6 months when stored properly.
10,Do you sell walnuts?,"Yes, we have fresh walnuts available in various pack sizes."
11,Are your pistachios organic?,"Yes, our pistachios are certified organic."
12,Do you offer bulk discounts on peanuts?,"Yes, we provide discounts for orders over 5kg of peanuts."
13,How should I store macadamia nuts?,Store in the refrigerator for maximum freshness.
14,Do you deliver hazelnuts?,"Yes, we offer local delivery for hazelnuts orders."
15,Are your brazil nuts salted or unsalted?,We sell both salted and unsalted brazil nuts.
16,Do you sell almonds in gift packs?,"Yes, almonds gift packs are available for special occasions."
17,Do you have roasted cashews?,"Yes, we sell both raw and roasted cashews."
18,Are your walnuts suitable for vegans?,"Yes, all our walnuts are vegan-friendly."
19,What is the shelf life of pistachios?,Our pistachios stay fresh for about 6 months when stored properly.
20,Do you sell peanuts?,"Yes, we have fresh peanuts available in various pack sizes."
21,Are your macadamia nuts organic?,"Yes, our macadamia nuts are certified organic."
22,Do you offer bulk discounts on hazelnuts?,"Yes, we provide discounts for orders over 5kg of hazelnuts."
23,How should I store brazil nuts?,Keep away from direct sunlight.
24,Do you deliver almonds?,"Yes, we offer local delivery for almonds orders."
25,Are your cashews salted or unsalted?,We sell both salted and unsalted cashews.
26,Do you sell walnuts in gift packs?,"Yes, walnuts gift packs are available for special occasions."
27,Do you have roasted pistachios?,"Yes, we sell both raw and roasted pistachios."
28,Are your peanuts suitable for vegans?,"Yes, all our peanuts are vegan-friendly."
29,What is the shelf life of macadamia nuts?,Our macadamia nuts stay fresh for about 6 months when stored properly.
30,Do you sell hazelnuts?,"Yes, we have fresh hazelnuts available in various pack sizes."
31,Are your brazil nuts organic?,"Yes, our brazil nuts are certified organic."
32,Do you offer bulk discounts on almonds?,"Yes, we provide discounts for orders over 5kg of almonds."
33,How should I store cashews?,"Keep them in an airtight container in a cool, dry place."
34,Do you deliver walnuts?,"Yes, we offer local delivery for walnuts orders."
35,Are your pistachios salted or unsalted?,We sell both salted and unsalted pistachios.
36,Do you sell peanuts in gift packs?,"Yes, peanuts gift packs are available for special occasions."
37,Do you have roasted macadamia nuts?,"Yes, we sell both raw and roasted macadamia nuts."
38,Are your hazelnuts suitable for vegans?,"Yes, all our hazelnuts are vegan-friendly."
39,What is the shelf life of brazil nuts?,Our brazil nuts stay fresh for about 6 months when stored properly.
40,Do you sell almonds?,"Yes, we have fresh almonds available in various pack sizes."
41,Are your cashews organic?,"Yes, our cashews are certified organic."
42,Do you offer bulk discounts on walnuts?,"Yes, we provide discounts for orders over 5kg of walnuts."
43,How should I store pistachios?,Store in the refrigerator for maximum freshness.
44,Do you deliver peanuts?,"Yes, we offer local delivery for peanuts orders."
45,Are your macadamia nuts salted or unsalted?,We sell both salted and unsalted macadamia nuts.
46,Do you sell hazelnuts in gift packs?,"Yes, hazelnuts gift packs are available for special occasions."
47,Do you have roasted brazil nuts?,"Yes, we sell both raw and roasted brazil nuts."
48,Are your almonds suitable for vegans?,"Yes, all our almonds are vegan-friendly."
49,What is the shelf life of cashews?,Our cashews stay fresh for about 6 months when stored properly.
50,Do you sell walnuts?,"Yes, we have fresh walnuts available in various pack sizes."
51,Are your pistachios organic?,"Yes, our pistachios are certified organic."
52,Do you offer bulk discounts on peanuts?,"Yes, we provide discounts for orders over 5kg of peanuts."
53,How should I store macadamia nuts?,Keep away from direct sunlight.
54,Do you deliver hazelnuts?,"Yes, we offer local delivery for hazelnuts orders."
55,Are your brazil nuts salted or unsalted?,We sell both salted and unsalted brazil nuts.
56,Do you sell almonds in gift packs?,"Yes, almonds gift packs are available for special occasions."
57,Do you have roasted cashews?,"Yes, we sell both raw and roasted cashews."
58,Are your walnuts suitable for vegans?,"Yes, all our walnuts are vegan-friendly."
59,What is the shelf life of pistachios?,Our pistachios stay fresh for about 6 months when stored properly.
60,Do you sell peanuts?,"Yes, we have fresh peanuts available in various pack sizes."
61,Are your macadamia nuts organic?,"Yes, our macadamia nuts are certified organic."
62,Do you offer bulk discounts on hazelnuts?,"Yes, we provide discounts for orders over 5kg of hazelnuts."
63,How should I store brazil nuts?,"Keep them in an airtight container in a cool, dry place."
64,Do you deliver almonds?,"Yes, we offer local delivery for almonds orders."
65,Are your cashews salted or unsalted?,We sell both salted and unsalted cashews.
66,Do you sell walnuts in gift packs?,"Yes, walnuts gift packs are available for special occasions."
67,Do you have roasted pistachios?,"Yes, we sell both raw and roasted pistachios."
68,Are your peanuts suitable for vegans?,"Yes, all our peanuts are vegan-friendly."
69,What is the shelf life of macadamia nuts?,Our macadamia nuts stay fresh for about 6 months when stored properly.
70,Do you sell hazelnuts?,"Yes, we have fresh hazelnuts available in various pack sizes."
71,Are your brazil nuts organic?,"Yes, our brazil nuts are certified organic."
72,Do you offer bulk discounts on almonds?,"Yes, we provide discounts for orders over 5kg of almonds."
73,How should I store cashews?,Store in the refrigerator for maximum freshness.
74,Do you deliver walnuts?,"Yes, we offer local delivery for walnuts orders."
75,Are your pistachios salted or unsalted?,We sell both salted and unsalted pistachios.
76,Do you sell peanuts in gift packs?,"Yes, peanuts gift packs are available for special occasions."
77,Do you have roasted macadamia nuts?,"Yes, we sell both raw and roasted macadamia nuts."
78,Are your hazelnuts suitable for vegans?,"Yes, all our hazelnuts are vegan-friendly."
79,What is the shelf life of brazil nuts?,Our brazil nuts stay fresh for about 6 months when stored properly.
80,Do you sell almonds?,"Yes, we have fresh almonds available in various pack sizes."
81,Are your cashews organic?,"Yes, our cashews are certified organic."
82,Do you offer bulk discounts on walnuts?,"Yes, we provide discounts for orders over 5kg of walnuts."
83,How should I store pistachios?,Keep away from direct sunlight.
84,Do you deliver peanuts?,"Yes, we offer local delivery for peanuts orders."
85,Are your macadamia nuts salted or unsalted?,We sell both salted and unsalted macadamia nuts.
86,Do you sell hazelnuts in gift packs?,"Yes, hazelnuts gift packs are available for special occasions."
87,Do you have roasted brazil nuts?,"Yes, we sell both raw and roasted brazil nuts."
88,Are your almonds suitable for vegans?,"Yes, all our almonds are vegan-friendly."
89,What is the shelf life of cashews?,Our cashews stay fresh for about 6 months when stored properly.
90,Do you sell walnuts?,"Yes, we have fresh walnuts available in various pack sizes."
91,Are your pistachios organic?,"Yes, our pistachios are certified organic."
92,Do you offer bulk discounts on peanuts?,"Yes, we provide discounts for orders over 5kg of peanuts."
93,How should I store macadamia nuts?,"Keep them in an airtight container in a cool, dry place."
94,Do you deliver hazelnuts?,"Yes, we offer local delivery for hazelnuts orders."
95,Are your brazil nuts salted or unsalted?,We sell both salted and unsalted brazil nuts.
96,Do you sell almonds in gift packs?,"Yes, almonds gift packs are available for special occasions."
97,Do you have roasted cashews?,"Yes, we sell both raw and roasted cashews."
98,Are your walnuts suitable for vegans?,"Yes, all our walnuts are vegan-friendly."
99,What is the shelf life of pistachios?,Our pistachios stay fresh for about 6 months when stored properly.
100,Do you sell peanuts?,"Yes, we have fresh peanuts available in various pack sizes."
101,Are your macadamia nuts organic?,"Yes, our macadamia nuts are certified organic."
102,Do you offer bulk discounts on hazelnuts?,"Yes, we provide discounts for orders over 5kg of hazelnuts."
103,How should I store brazil nuts?,Store in the refrigerator for maximum freshness.
104,Do you deliver almonds?,"Yes, we offer local delivery for almonds orders."
105,Are your cashews salted or unsalted?,We sell both salted and unsalted cashews.
106,Do you sell walnuts in gift packs?,"Yes, walnuts gift packs are available for special occasions."
107,Do you have roasted pistachios?,"Yes, we sell both raw and roasted pistachios."
108,Are your peanuts suitable for vegans?,"Yes, all our peanuts are vegan-friendly."
109,What is the shelf life of macadamia nuts?,Our macadamia nuts stay fresh for about 6 months when stored properly.
110,Do you sell hazelnuts?,"Yes, we have fresh hazelnuts available in various pack sizes."
111,Are your brazil nuts organic?,"Yes, our brazil nuts are certified organic."
112,Do you offer bulk discounts on almonds?,"Yes, we provide discounts for orders over 5kg of almonds."
113,How should I store cashews?,Keep away from direct sunlight.
114,Do you deliver walnuts?,"Yes, we offer local delivery for walnuts orders."
115,Are your pistachios salted or unsalted?,We sell both salted and unsalted pistachios.
116,Do you sell peanuts in gift packs?,"Yes, peanuts gift packs are available for special occasions."
117,Do you have roasted macadamia nuts?,"Yes, we sell both raw and roasted macadamia nuts."
118,Are your hazelnuts suitable for vegans?,"Yes, all our hazelnuts are vegan-friendly."
119,What is the shelf life of brazil nuts?,Our brazil nuts stay fresh for about 6 months when stored properly.
120,Do you sell almonds?,"Yes, we have fresh almonds available in various pack sizes."
121,Are your cashews organic?,"Yes, our cashews are certified organic."
122,Do you offer bulk discounts on walnuts?,"Yes, we provide discounts for orders over 5kg of walnuts."
123,How should I store pistachios?,"Keep them in an airtight container in a cool, dry place."
124,Do you deliver peanuts?,"Yes, we offer local delivery for peanuts orders."
125,Are your macadamia nuts salted or unsalted?,We sell both salted and unsalted macadamia nuts.
126,Do you sell hazelnuts in gift packs?,"Yes, hazelnuts gift packs are available for special occasions."
127,Do you have roasted brazil nuts?,"Yes, we sell both raw and roasted brazil nuts."
128,Are your almonds suitable for vegans?,"Yes, all our almonds are vegan-friendly."
129,What is the shelf life of cashews?,Our cashews stay fresh for about 6 months when stored properly.
130,Do you sell walnuts?,"Yes, we have fresh walnuts available in various pack sizes."
131,Are your pistachios organic?,"Yes, our pistachios are certified organic."
132,Do you offer bulk discounts on peanuts?,"Yes, we provide discounts for orders over 5kg of peanuts."
133,How should I store macadamia nuts?,Store in the refrigerator for maximum freshness.
134,Do you deliver hazelnuts?,"Yes, we offer local delivery for hazelnuts orders."
135,Are your brazil nuts salted or unsalted?,We sell both salted and unsalted brazil nuts.
136,Do you sell almonds in gift packs?,"Yes, almonds gift packs are available for special occasions."
137,Do you have roasted cashews?,"Yes, we sell both raw and roasted cashews."
138,Are your walnuts suitable for vegans?,"Yes, all our walnuts are vegan-friendly."
139,What is the shelf life of pistachios?,Our pistachios stay fresh for about 6 months when stored properly.
140,Do you sell peanuts?,"Yes, we have fresh peanuts available in various pack sizes."
141,Are your macadamia nuts organic?,"Yes, our macadamia nuts are certified organic."
142,Do you offer bulk discounts on hazelnuts?,"Yes, we provide discounts for orders over 5kg of hazelnuts."
143,How should I store brazil nuts?,Keep away from direct sunlight.
144,Do you deliver almonds?,"Yes, we offer local delivery for almonds orders."
145,Are your cashews salted or unsalted?,We sell both salted and unsalted cashews.
146,Do you sell walnuts in gift packs?,"Yes, walnuts gift packs are available for special occasions."
147,Do you have roasted pistachios?,"Yes, we sell both raw and roasted pistachios."
148,Are your peanuts suitable for vegans?,"Yes, all our peanuts are vegan-friendly."
149,What is the shelf life of macadamia nuts?,Our macadamia nuts stay fresh for about 6 months when stored properly.
150,Do you sell hazelnuts?,"Yes, we have fresh hazelnuts available in various pack sizes."
151,Are your brazil nuts organic?,"Yes, our brazil nuts are certified organic."
152,Do you offer bulk discounts on almonds?,"Yes, we provide discounts for orders over 5kg of almonds."
153,How should I store cashews?,"Keep them in an airtight container in a cool, dry place."
154,Do you deliver walnuts?,"Yes, we offer local delivery for walnuts orders."
155,Are your pistachios salted or unsalted?,We sell both salted and unsalted pistachios.
156,Do you sell peanuts in gift packs?,"Yes, peanuts gift packs are available for special occasions."
157,Do you have roasted macadamia nuts?,"Yes, we sell both raw and roasted macadamia nuts."
158,Are your hazelnuts suitable for vegans?,"Yes, all our hazelnuts are vegan-friendly."
159,What is the shelf life of brazil nuts?,Our brazil nuts stay fresh for about 6 months when stored properly.
160,Do you sell almonds?,"Yes, we have fresh almonds available in various pack sizes."
161,Are your cashews organic?,"Yes, our cashews are certified organic."
162,Do you offer bulk discounts on walnuts?,"Yes, we provide discounts for orders over 5kg of walnuts."
163,How should I store pistachios?,Store in the refrigerator for maximum freshness.
164,Do you deliver peanuts?,"Yes, we offer local delivery for peanuts orders."
165,Are your macadamia nuts salted or unsalted?,We sell both salted and unsalted macadamia nuts.
166,Do you sell hazelnuts in gift packs?,"Yes, hazelnuts gift packs are available for special occasions."
167,Do you have roasted brazil nuts?,"Yes, we sell both raw and roasted brazil nuts."
168,Are your almonds suitable for vegans?,"Yes, all our almonds are vegan-friendly."
169,What is the shelf life of cashews?,Our cashews stay fresh for about 6 months when stored properly.
170,Do you sell walnuts?,"Yes, we have fresh walnuts available in various pack sizes."
171,Are your pistachios organic?,"Yes, our pistachios are certified organic."
172,Do you offer bulk discounts on peanuts?,"Yes, we provide discounts for orders over 5kg of peanuts."
173,How should I store macadamia nuts?,Keep away from direct sunlight.
174,Do you deliver hazelnuts?,"Yes, we offer local delivery for hazelnuts orders."
175,Are your brazil nuts salted or unsalted?,We sell both salted and unsalted brazil nuts.
176,Do you sell almonds in gift packs?,"Yes, almonds gift packs are available for special occasions."
177,Do you have roasted cashews?,"Yes, we sell both raw and roasted cashews."
178,Are your walnuts suitable for vegans?,"Yes, all our walnuts are vegan-friendly."
179,What is the shelf life of pistachios?,Our pistachios stay fresh for about 6 months when stored properly.
180,Do you sell peanuts?,"Yes, we have fresh peanuts available in various pack sizes."
181,Are your macadamia nuts organic?,"Yes, our macadamia nuts are certified organic."
182,Do you offer bulk discounts on hazelnuts?,"Yes, we provide discounts for orders over 5kg of hazelnuts."
183,How should I store brazil nuts?,"Keep them in an airtight container in a cool, dry place."
184,Do you deliver almonds?,"Yes, we offer local delivery for almonds orders."
185,Are your cashews salted or unsalted?,We sell both salted and unsalted cashews.
186,Do you sell walnuts in gift packs?,"Yes, walnuts gift packs are available for special occasions."
187,Do you have roasted pistachios?,"Yes, we sell both raw and roasted pistachios."
188,Are your peanuts suitable for vegans?,"Yes, all our peanuts are vegan-friendly."
189,What is the shelf life of macadamia nuts?,Our macadamia nuts stay fresh for about 6 months when stored properly.
190,Do you sell hazelnuts?,"Yes, we have fresh hazelnuts available in various pack sizes."
191,Are your brazil nuts organic?,"Yes, our brazil nuts are certified organic."
192,Do you offer bulk discounts on almonds?,"Yes, we provide discounts for orders over 5kg of almonds."
193,How should I store cashews?,Store in the refrigerator for maximum freshness.
194,Do you deliver walnuts?,"Yes, we offer local delivery for walnuts orders."
195,Are your pistachios salted or unsalted?,We sell both salted and unsalted pistachios.
196,Do you sell peanuts in gift packs?,"Yes, peanuts gift packs are available for special occasions."
197,Do you have roasted macadamia nuts?,"Yes, we sell both raw and roasted macadamia nuts."
198,Are your hazelnuts suitable for vegans?,"Yes, all our hazelnuts are vegan-friendly."
199,What is the shelf life of brazil nuts?,Our brazil nuts stay fresh for about 6 months when stored properly.
200,Do you sell almonds?,"Yes, we have fresh almonds available in various pack sizes."
201,Are your cashews organic?,"Yes, our cashews are certified organic."
202,Do you offer bulk discounts on walnuts?,"Yes, we provide discounts for orders over 5kg of walnuts."
203,How should I store pistachios?,Keep away from direct sunlight.
204,Do you deliver peanuts?,"Yes, we offer local delivery for peanuts orders."
205,Are your macadamia nuts salted or unsalted?,We sell both salted and unsalted macadamia nuts.
206,Do you sell hazelnuts in gift packs?,"Yes, hazelnuts gift packs are available for special occasions."
207,Do you have roasted brazil nuts?,"Yes, we sell both raw and roasted brazil nuts."
208,Are your almonds suitable for vegans?,"Yes, all our almonds are vegan-friendly."
209,What is the shelf life of cashews?,Our cashews stay fresh for about 6 months when stored properly.
210,Do you sell walnuts?,"Yes, we have fresh walnuts available in various pack sizes."
211,Are your pistachios organic?,"Yes, our pistachios are certified organic."
212,Do you offer bulk discounts on peanuts?,"Yes, we provide discounts for orders over 5kg of peanuts."
213,How should I store macadamia nuts?,"Keep them in an airtight container in a cool, dry place."
214,Do you deliver hazelnuts?,"Yes, we offer local delivery for hazelnuts orders."
215,Are your brazil nuts salted or unsalted?,We sell both salted and unsalted brazil nuts.
216,Do you sell almonds in gift packs?,"Yes, almonds gift packs are available for special occasions."
217,Do you have roasted cashews?,"Yes, we sell both raw and roasted cashews."
218,Are your walnuts suitable for vegans?,"Yes, all our walnuts are vegan-friendly."
219,What is the shelf life of pistachios?,Our pistachios stay fresh for about 6 months when stored properly.
220,Do you sell peanuts?,"Yes, we have fresh peanuts available in various pack sizes."
221,Are your macadamia nuts organic?,"Yes, our macadamia nuts are certified organic."
222,Do you offer bulk discounts on hazelnuts?,"Yes, we provide discounts for orders over 5kg of hazelnuts."
223,How should I store brazil nuts?,Store in the refrigerator for maximum freshness.
224,Do you deliver almonds?,"Yes, we offer local delivery for almonds orders."
225,Are your cashews salted or unsalted?,We sell both salted and unsalted cashews.
226,Do you sell walnuts in gift packs?,"Yes, walnuts gift packs are available for special occasions."
227,Do you have roasted pistachios?,"Yes, we sell both raw and roasted pistachios."
228,Are your peanuts suitable for vegans?,"Yes, all our peanuts are vegan-friendly."
229,What is the shelf life of macadamia nuts?,Our macadamia nuts stay fresh for about 6 months when stored properly.
230,Do you sell hazelnuts?,"Yes, we have fresh hazelnuts available in various pack sizes."
231,Are your brazil nuts organic?,"Yes, our brazil nuts are certified organic."
232,Do you offer bulk discounts on almonds?,"Yes, we provide discounts for orders over 5kg of almonds."
233,How should I store cashews?,Keep away from direct sunlight.
234,Do you deliver walnuts?,"Yes, we offer local delivery for walnuts orders."
235,Are your pistachios salted or unsalted?,We sell both salted and unsalted pistachios.
236,Do you sell peanuts in gift packs?,"Yes, peanuts gift packs are available for special occasions."
237,Do you have roasted macadamia nuts?,"Yes, we sell both raw and roasted macadamia nuts."
238,Are your hazelnuts suitable for vegans?,"Yes, all our hazelnuts are vegan-friendly."
239,What is the shelf life of brazil nuts?,Our brazil nuts stay fresh for about 6 months when stored properly.
240,Do you sell almonds?,"Yes, we have fresh almonds available in various pack sizes."
241,Are your cashews organic?,"Yes, our cashews are certified organic."
242,Do you offer bulk discounts on walnuts?,"Yes, we provide discounts for orders over 5kg of walnuts."
243,How should I store pistachios?,"Keep them in an airtight container in a cool, dry place."
244,Do you deliver peanuts?,"Yes, we offer local delivery for peanuts orders."
245,Are your macadamia nuts salted or unsalted?,We sell both salted and unsalted macadamia nuts.
246,Do you sell hazelnuts in gift packs?,"Yes, hazelnuts gift packs are available for special occasions."
247,Do you have roasted brazil nuts?,"Yes, we sell both raw and roasted brazil nuts."
248,Are your almonds suitable for vegans?,"Yes, all our almonds are vegan-friendly."
249,What is the shelf life of cashews?,Our cashews stay fresh for about 6 months when stored properly.
250,Do you sell walnuts?,"Yes, we have fresh walnuts available in various pack sizes."
251,Are your pistachios organic?,"Yes, our pistachios are certified organic."
252,Do you offer bulk discounts on peanuts?,"Yes, we provide discounts for orders over 5kg of peanuts."
253,How should I store macadamia nuts?,Store in the refrigerator for maximum freshness.
254,Do you deliver hazelnuts?,"Yes, we offer local delivery for hazelnuts orders."
255,Are your brazil nuts salted or unsalted?,We sell both salted and unsalted brazil nuts.
256,Do you sell almonds in gift packs?,"Yes, almonds gift packs are available for special occasions."
257,Do you have roasted cashews?,"Yes, we sell both raw and roasted cashews."
258,Are your walnuts suitable for vegans?,"Yes, all our walnuts are vegan-friendly."
259,What is the shelf life of pistachios?,Our pistachios stay fresh for about 6 months when stored properly.
260,Do you sell peanuts?,"Yes, we have fresh peanuts available in various pack sizes."
261,Are your macadamia nuts organic?,"Yes, our macadamia nuts are certified organic."
262,Do you offer bulk discounts on hazelnuts?,"Yes, we provide discounts for orders over 5kg of hazelnuts."
263,How should I store brazil nuts?,Keep away from direct sunlight.
264,Do you deliver almonds?,"Yes, we offer local delivery for almonds orders."
265,Are your cashews salted or unsalted?,We sell both salted and unsalted cashews.
266,Do you sell walnuts in gift packs?,"Yes, walnuts gift packs are available for special occasions."
267,Do you have roasted pistachios?,"Yes, we sell both raw and roasted pistachios."
268,Are your peanuts suitable for vegans?,"Yes, all our peanuts are vegan-friendly."
269,What is the shelf life of macadamia nuts?,Our macadamia nuts stay fresh for about 6 months when stored properly.
270,Do you sell hazelnuts?,"Yes, we have fresh hazelnuts available in various pack sizes."
271,Are your brazil nuts organic?,"Yes, our brazil nuts are certified organic."
272,Do you offer bulk discounts on almonds?,"Yes, we provide discounts for orders over 5kg of almonds."
273,How should I store cashews?,"Keep them in an airtight container in a cool, dry place."
274,Do you deliver walnuts?,"Yes, we offer local delivery for walnuts orders."
275,Are your pistachios salted or unsalted?,We sell both salted and unsalted pistachios.
276,Do you sell peanuts in gift packs?,"Yes, peanuts gift packs are available for special occasions."
277,Do you have roasted macadamia nuts?,"Yes, we sell both raw and roasted macadamia nuts."
278,Are your hazelnuts suitable for vegans?,"Yes, all our hazelnuts are vegan-friendly."
279,What is the shelf life of brazil nuts?,Our brazil nuts stay fresh for about 6 months when stored properly.
280,Do you sell almonds?,"Yes, we have fresh almonds available in various pack sizes."
281,Are your cashews organic?,"Yes, our cashews are certified organic."
282,Do you offer bulk discounts on walnuts?,"Yes, we provide discounts for orders over 5kg of walnuts."
283,How should I store pistachios?,Store in the refrigerator for maximum freshness.
284,Do you deliver peanuts?,"Yes, we offer local delivery for peanuts orders."
285,Are your macadamia nuts salted or unsalted?,We sell both salted and unsalted macadamia nuts.
286,Do you sell hazelnuts in gift packs?,"Yes, hazelnuts gift packs are available for special occasions."
287,Do you have roasted brazil nuts?,"Yes, we sell both raw and roasted brazil nuts."
288,Are your almonds suitable for vegans?,"Yes, all our almonds are vegan-friendly."
289,What is the shelf life of cashews?,Our cashews stay fresh for about 6 months when stored properly.
290,Do you sell walnuts?,"Yes, we have fresh walnuts available in various pack sizes."
291,Are your pistachios organic?,"Yes, our pistachios are certified organic."
292,Do you offer bulk discounts on peanuts?,"Yes, we provide discounts for orders over 5kg of peanuts."
293,How should I store macadamia nuts?,Keep away from direct sunlight.
294,Do you deliver hazelnuts?,"Yes, we offer local delivery for hazelnuts orders."
295,Are your brazil nuts salted or unsalted?,We sell both salted and unsalted brazil nuts.
296,Do you sell almonds in gift packs?,"Yes, almonds gift packs are available for special occasions."
297,Do you have roasted cashews?,"Yes, we sell both raw and roasted cashews."
298,Are your walnuts suitable for vegans?,"Yes, all our walnuts are vegan-friendly."
299,What is the shelf life of pistachios?,Our pistachios stay fresh for about 6 months when stored properly.
300,Do you sell peanuts?,"Yes, we have fresh peanuts available in various pack sizes."
301,Are your macadamia nuts organic?,"Yes, our macadamia nuts are certified organic."
302,Do you offer bulk discounts on hazelnuts?,"Yes, we provide discounts for orders over 5kg of hazelnuts."
303,How should I store brazil nuts?,"Keep them in an airtight container in a cool, dry place."
304,Do you deliver almonds?,"Yes, we offer local delivery for almonds orders."
305,Are your cashews salted or unsalted?,We sell both salted and unsalted cashews.
306,Do you sell walnuts in gift packs?,"Yes, walnuts gift packs are available for special occasions."
307,Do you have roasted pistachios?,"Yes, we sell both raw and roasted pistachios."
308,Are your peanuts suitable for vegans?,"Yes, all our peanuts are vegan-friendly."
309,What is the shelf life of macadamia nuts?,Our macadamia nuts stay fresh for about 6 months when stored properly.
310,Do you sell hazelnuts?,"Yes, we have fresh hazelnuts available in various pack sizes."
311,Are your brazil nuts organic?,"Yes, our brazil nuts are certified organic."
312,Do you offer bulk discounts on almonds?,"Yes, we provide discounts for orders over 5kg of almonds."
313,How should I store cashews?,Store in the refrigerator for maximum freshness.
314,Do you deliver walnuts?,"Yes, we offer local delivery for walnuts orders."
315,Are your pistachios salted or unsalted?,We sell both salted and unsalted pistachios.
316,Do you sell peanuts in gift packs?,"Yes, peanuts gift packs are available for special occasions."
317,Do you have roasted macadamia nuts?,"Yes, we sell both raw and roasted macadamia nuts."
318,Are your hazelnuts suitable for vegans?,"Yes, all our hazelnuts are vegan-friendly."
319,What is the shelf life of brazil nuts?,Our brazil nuts stay fresh for about 6 months when stored properly.
320,Do you sell almonds?,"Yes, we have fresh almonds available in various pack sizes."
321,Are your cashews organic?,"Yes, our cashews are certified organic."
322,Do you offer bulk discounts on walnuts?,"Yes, we provide discounts for orders over 5kg of walnuts."
323,How should I store pistachios?,Keep away from direct sunlight.
324,Do you deliver peanuts?,"Yes, we offer local delivery for peanuts orders."
325,Are your macadamia nuts salted or unsalted?,We sell both salted and unsalted macadamia nuts.
326,Do you sell hazelnuts in gift packs?,"Yes, hazelnuts gift packs are available for special occasions."
327,Do you have roasted brazil nuts?,"Yes, we sell both raw and roasted brazil nuts."
328,Are your almonds suitable for vegans?,"Yes, all our almonds are vegan-friendly."
329,What is the shelf life of cashews?,Our cashews stay fresh for about 6 months when stored properly.
330,Do you sell walnuts?,"Yes, we have fresh walnuts available in various pack sizes."
331,Are your pistachios organic?,"Yes, our pistachios are certified organic."
332,Do you offer bulk discounts on peanuts?,"Yes, we provide discounts for orders over 5kg of peanuts."
333,How should I store macadamia nuts?,"Keep them in an airtight container in a cool, dry place."
334,Do you deliver hazelnuts?,"Yes, we offer local delivery for hazelnuts orders."
335,Are your brazil nuts salted or unsalted?,We sell both salted and unsalted brazil nuts.
336,Do you sell almonds in gift packs?,"Yes, almonds gift packs are available for special occasions."
337,Do you have roasted cashews?,"Yes, we sell both raw and roasted cashews."
338,Are your walnuts suitable for vegans?,"Yes, all our walnuts are vegan-friendly."
339,What is the shelf life of pistachios?,Our pistachios stay fresh for about 6 months when stored properly.
340,Do you sell peanuts?,"Yes, we have fresh peanuts available in various pack sizes."
341,Are your macadamia nuts organic?,"Yes, our macadamia nuts are certified organic."
342,Do you offer bulk discounts on hazelnuts?,"Yes, we provide discounts for orders over 5kg of hazelnuts."
343,How should I store brazil nuts?,Store in the refrigerator for maximum freshness.
344,Do you deliver almonds?,"Yes, we offer local delivery for almonds orders."
345,Are your cashews salted or unsalted?,We sell both salted and unsalted cashews.
346,Do you sell walnuts in gift packs?,"Yes, walnuts gift packs are available for special occasions."
347,Do you have roasted pistachios?,"Yes, we sell both raw and roasted pistachios."
348,Are your peanuts suitable for vegans?,"Yes, all our peanuts are vegan-friendly."
349,What is the shelf life of macadamia nuts?,Our macadamia nuts stay fresh for about 6 months when stored properly.
350,Do you sell hazelnuts?,"Yes, we have fresh hazelnuts available in various pack sizes."
351,Are your brazil nuts organic?,"Yes, our brazil nuts are certified organic."
352,Do you offer bulk discounts on almonds?,"Yes, we provide discounts for orders over 5kg of almonds."
353,How should I store cashews?,Keep away from direct sunlight.
354,Do you deliver walnuts?,"Yes, we offer local delivery for walnuts orders."
355,Are your pistachios salted or unsalted?,We sell both salted and unsalted pistachios.
356,Do you sell peanuts in gift packs?,"Yes, peanuts gift packs are available for special occasions."
357,Do you have roasted macadamia nuts?,"Yes, we sell both raw and roasted macadamia nuts."
358,Are your hazelnuts suitable for vegans?,"Yes, all our hazelnuts are vegan-friendly."
359,What is the shelf life of brazil nuts?,Our brazil nuts stay fresh for about 6 months when stored properly.
360,Do you sell almonds?,"Yes, we have fresh almonds available in various pack sizes."
361,Are your cashews organic?,"Yes, our cashews are certified organic."
362,Do you offer bulk discounts on walnuts?,"Yes, we provide discounts for orders over 5kg of walnuts."
363,How should I store pistachios?,"Keep them in an airtight container in a cool, dry place."
364,Do you deliver peanuts?,"Yes, we offer local delivery for peanuts orders."
365,Are your macadamia nuts salted or unsalted?,We sell both salted and unsalted macadamia nuts.
366,Do you sell hazelnuts in gift packs?,"Yes, hazelnuts gift packs are available for special occasions."
367,Do you have roasted brazil nuts?,"Yes, we sell both raw and roasted brazil nuts."
368,Are your almonds suitable for vegans?,"Yes, all our almonds are vegan-friendly."
369,What is the shelf life of cashews?,Our cashews stay fresh for about 6 months when stored properly.
370,Do you sell walnuts?,"Yes, we have fresh walnuts available in various pack sizes."
371,Are your pistachios organic?,"Yes, our pistachios are certified organic."
372,Do you offer bulk discounts on peanuts?,"Yes, we provide discounts for orders over 5kg of peanuts."
373,How should I store macadamia nuts?,Store in the refrigerator for maximum freshness.
374,Do you deliver hazelnuts?,"Yes, we offer local delivery for hazelnuts orders."
375,Are your brazil nuts salted or unsalted?,We sell both salted and unsalted brazil nuts.
376,Do you sell almonds in gift packs?,"Yes, almonds gift packs are available for special occasions."
377,Do you have roasted cashews?,"Yes, we sell both raw and roasted cashews."
378,Are your walnuts suitable for vegans?,"Yes, all our walnuts are vegan-friendly."
379,What is the shelf life of pistachios?,Our pistachios stay fresh for about 6 months when stored properly.
380,Do you sell peanuts?,"Yes, we have fresh peanuts available in various pack sizes."
381,Are your macadamia nuts organic?,"Yes, our macadamia nuts are certified organic."
382,Do you offer bulk discounts on hazelnuts?,"Yes, we provide discounts for orders over 5kg of hazelnuts."
383,How should I store brazil nuts?,Keep away from direct sunlight.
384,Do you deliver almonds?,"Yes, we offer local delivery for almonds orders."
385,Are your cashews salted or unsalted?,We sell both salted and unsalted cashews.
386,Do you sell walnuts in gift packs?,"Yes, walnuts gift packs are available for special occasions."
387,Do you have roasted pistachios?,"Yes, we sell both raw and roasted pistachios."
388,Are your peanuts suitable for vegans?,"Yes, all our peanuts are vegan-friendly."
389,What is the shelf life of macadamia nuts?,Our macadamia nuts stay fresh for about 6 months when stored properly.
390,Do you sell hazelnuts?,"Yes, we have fresh hazelnuts available in various pack sizes."
391,Are your brazil nuts organic?,"Yes, our brazil nuts are certified organic."
392,Do you offer bulk discounts on almonds?,"Yes, we provide discounts for orders over 5kg of almonds."
393,How should I store cashews?,"Keep them in an airtight container in a cool, dry place."
394,Do you deliver walnuts?,"Yes, we offer local delivery for walnuts orders."
395,Are your pistachios salted or unsalted?,We sell both salted and unsalted pistachios.
396,Do you sell peanuts in gift packs?,"Yes, peanuts gift packs are available for special occasions."
397,Do you have roasted macadamia nuts?,"Yes, we sell both raw and roasted macadamia nuts."
398,Are your hazelnuts suitable for vegans?,"Yes, all our hazelnuts are vegan-friendly."
399,What is the shelf life of brazil nuts?,Our brazil nuts stay fresh for about 6 months when stored properly.
400,Do you sell almonds?,"Yes, we have fresh almonds available in various pack sizes."
401,Are your cashews organic?,"Yes, our cashews are certified organic."
402,Do you offer bulk discounts on walnuts?,"Yes, we provide discounts for orders over 5kg of walnuts."
403,How should I store pistachios?,Store in the refrigerator for maximum freshness.
404,Do you deliver peanuts?,"Yes, we offer local delivery for peanuts orders."
405,Are your macadamia nuts salted or unsalted?,We sell both salted and unsalted macadamia nuts.
406,Do you sell hazelnuts in gift packs?,"Yes, hazelnuts gift packs are available for special occasions."
407,Do you have roasted brazil nuts?,"Yes, we sell both raw and roasted brazil nuts."
408,Are your almonds suitable for vegans?,"Yes, all our almonds are vegan-friendly."
409,What is the shelf life of cashews?,Our cashews stay fresh for about 6 months when stored properly.
410,Do you sell walnuts?,"Yes, we have fresh walnuts available in various pack sizes."
411,Are your pistachios organic?,"Yes, our pistachios are certified organic."
412,Do you offer bulk discounts on peanuts?,"Yes, we provide discounts for orders over 5kg of peanuts."
413,How should I store macadamia nuts?,Keep away from direct sunlight.
414,Do you deliver hazelnuts?,"Yes, we offer local delivery for hazelnuts orders."
415,Are your brazil nuts salted or unsalted?,We sell both salted and unsalted brazil nuts.
416,Do you sell almonds in gift packs?,"Yes, almonds gift packs are available for special occasions."
417,Do you have roasted cashews?,"Yes, we sell both raw and roasted cashews."
418,Are your walnuts suitable for vegans?,"Yes, all our walnuts are vegan-friendly."
419,What is the shelf life of pistachios?,Our pistachios stay fresh for about 6 months when stored properly.
420,Do you sell peanuts?,"Yes, we have fresh peanuts available in various pack sizes."
421,Are your macadamia nuts organic?,"Yes, our macadamia nuts are certified organic."
422,Do you offer bulk discounts on hazelnuts?,"Yes, we provide discounts for orders over 5kg of hazelnuts."
423,How should I store brazil nuts?,"Keep them in an airtight container in a cool, dry place."
424,Do you deliver almonds?,"Yes, we offer local delivery for almonds orders."
425,Are your cashews salted or unsalted?,We sell both salted and unsalted cashews.
426,Do you sell walnuts in gift packs?,"Yes, walnuts gift packs are available for special occasions."
427,Do you have roasted pistachios?,"Yes, we sell both raw and roasted pistachios."
428,Are your peanuts suitable for vegans?,"Yes, all our peanuts are vegan-friendly."
429,What is the shelf life of macadamia nuts?,Our macadamia nuts stay fresh for about 6 months when stored properly.
430,Do you sell hazelnuts?,"Yes, we have fresh hazelnuts available in various pack sizes."
431,Are your brazil nuts organic?,"Yes, our brazil nuts are certified organic."
432,Do you offer bulk discounts on almonds?,"Yes, we provide discounts for orders over 5kg of almonds."
433,How should I store cashews?,Store in the refrigerator for maximum freshness.
434,Do you deliver walnuts?,"Yes, we offer local delivery for walnuts orders."
435,Are your pistachios salted or unsalted?,We sell both salted and unsalted pistachios.
436,Do you sell peanuts in gift packs?,"Yes, peanuts gift packs are available for special occasions."
437,Do you have roasted macadamia nuts?,"Yes, we sell both raw and roasted macadamia nuts."
438,Are your hazelnuts suitable for vegans?,"Yes, all our hazelnuts are vegan-friendly."
439,What is the shelf life of brazil nuts?,Our brazil nuts stay fresh for about 6 months when stored properly.
440,Do you sell almonds?,"Yes, we have fresh almonds available in various pack sizes."
441,Are your cashews organic?,"Yes, our cashews are certified organic."
442,Do you offer bulk discounts on walnuts?,"Yes, we provide discounts for orders over 5kg of walnuts."
443,How should I store pistachios?,Keep away from direct sunlight.
444,Do you deliver peanuts?,"Yes, we offer local delivery for peanuts orders."
445,Are your macadamia nuts salted or unsalted?,We sell both salted and unsalted macadamia nuts.
446,Do you sell hazelnuts in gift packs?,"Yes, hazelnuts gift packs are available for special occasions."
447,Do you have roasted brazil nuts?,"Yes, we sell both raw and roasted brazil nuts."
448,Are your almonds suitable for vegans?,"Yes, all our almonds are vegan-friendly."
449,What is the shelf life of cashews?,Our cashews stay fresh for about 6 months when stored properly.
450,Do you sell walnuts?,"Yes, we have fresh walnuts available in various pack sizes."
451,Are your pistachios organic?,"Yes, our pistachios are certified organic."
452,Do you offer bulk discounts on peanuts?,"Yes, we provide discounts for orders over 5kg of peanuts."
453,How should I store macadamia nuts?,"Keep them in an airtight container in a cool, dry place."
454,Do you deliver hazelnuts?,"Yes, we offer local delivery for hazelnuts orders."
455,Are your brazil nuts salted or unsalted?,We sell both salted and unsalted brazil nuts.
456,Do you sell almonds in gift packs?,"Yes, almonds gift packs are available for special occasions."
457,Do you have roasted cashews?,"Yes, we sell both raw and roasted cashews."
458,Are your walnuts suitable for vegans?,"Yes, all our walnuts are vegan-friendly."
459,What is the shelf life of pistachios?,Our pistachios stay fresh for about 6 months when stored properly.
460,Do you sell peanuts?,"Yes, we have fresh peanuts available in various pack sizes."
461,Are your macadamia nuts organic?,"Yes, our macadamia nuts are certified organic."
462,Do you offer bulk discounts on hazelnuts?,"Yes, we provide discounts for orders over 5kg of hazelnuts."
463,How should I store brazil nuts?,Store in the refrigerator for maximum freshness.
464,Do you deliver almonds?,"Yes, we offer local delivery for almonds orders."
465,Are your cashews salted or unsalted?,We sell both salted and unsalted cashews.
466,Do you sell walnuts in gift packs?,"Yes, walnuts gift packs are available for special occasions."
467,Do you have roasted pistachios?,"Yes, we sell both raw and roasted pistachios."
468,Are your peanuts suitable for vegans?,"Yes, all our peanuts are vegan-friendly."
469,What is the shelf life of macadamia nuts?,Our macadamia nuts stay fresh for about 6 months when stored properly.
470,Do you sell hazelnuts?,"Yes, we have fresh hazelnuts available in various pack sizes."
471,Are your brazil nuts organic?,"Yes, our brazil nuts are certified organic."
472,Do you offer bulk discounts on almonds?,"Yes, we provide discounts for orders over 5kg of almonds."
473,How should I store cashews?,Keep away from direct sunlight.
474,Do you deliver walnuts?,"Yes, we offer local delivery for walnuts orders."
475,Are your pistachios salted or unsalted?,We sell both salted and unsalted pistachios.
476,Do you sell peanuts in gift packs?,"Yes, peanuts gift packs are available for special occasions."
477,Do you have roasted macadamia nuts?,"Yes, we sell both raw and roasted macadamia nuts."
478,Are your hazelnuts suitable for vegans?,"Yes, all our hazelnuts are vegan-friendly."
479,What is the shelf life of brazil nuts?,Our brazil nuts stay fresh for about 6 months when stored properly.
480,Do you sell almonds?,"Yes, we have fresh almonds available in various pack sizes."
481,Are your cashews organic?,"Yes, our cashews are certified organic."
482,Do you offer bulk discounts on walnuts?,"Yes, we provide discounts for orders over 5kg of walnuts."
483,How should I store pistachios?,"Keep them in an airtight container in a cool, dry place."
484,Do you deliver peanuts?,"Yes, we offer local delivery for peanuts orders."
485,Are your macadamia nuts salted or unsalted?,We sell both salted and unsalted macadamia nuts.
486,Do you sell hazelnuts in gift packs?,"Yes, hazelnuts gift packs are available for special occasions."
487,Do you have roasted brazil nuts?,"Yes, we sell both raw and roasted brazil nuts."
488,Are your almonds suitable for vegans?,"Yes, all our almonds are vegan-friendly."
489,What is the shelf life of cashews?,Our cashews stay fresh for about 6 months when stored properly.
490,Do you sell walnuts?,"Yes, we have fresh walnuts available in various pack sizes."
491,Are your pistachios organic?,"Yes, our pistachios are certified organic."
492,Do you offer bulk discounts on peanuts?,"Yes, we provide discounts for orders over 5kg of peanuts."
493,How should I store macadamia nuts?,Store in the refrigerator for maximum freshness.
494,Do you deliver hazelnuts?,"Yes, we offer local delivery for hazelnuts orders."
495,Are your brazil nuts salted or unsalted?,We sell both salted and unsalted brazil nuts.
496,Do you sell almonds in gift packs?,"Yes, almonds gift packs are available for special occasions."
497,Do you have roasted cashews?,"Yes, we sell both raw and roasted cashews."
498,Are your walnuts suitable for vegans?,"Yes, all our walnuts are vegan-friendly."
499,What is the shelf life of pistachios?,Our pistachios stay fresh for about 6 months when stored properly.
500,Do you sell peanuts?,"Yes, we have fresh peanuts available in various pack sizes."
501,Are your macadamia nuts organic?,"Yes, our macadamia nuts are certified organic."
502,Do you offer bulk discounts on hazelnuts?,"Yes, we provide discounts for orders over 5kg of hazelnuts."
503,How should I store brazil nuts?,Keep away from direct sunlight.
504,Do you deliver almonds?,"Yes, we offer local delivery for almonds orders."
505,Are your cashews salted or unsalted?,We sell both salted and unsalted cashews.
506,Do you sell walnuts in gift packs?,"Yes, walnuts gift packs are available for special occasions."
507,Do you have roasted pistachios?,"Yes, we sell both raw and roasted pistachios."
508,Are your peanuts suitable for vegans?,"Yes, all our peanuts are vegan-friendly."
509,What is the shelf life of macadamia nuts?,Our macadamia nuts stay fresh for about 6 months when stored properly.
510,Do you sell hazelnuts?,"Yes, we have fresh hazelnuts available in various pack sizes."
511,Are your brazil nuts organic?,"Yes, our brazil nuts are certified organic."
512,Do you offer bulk discounts on almonds?,"Yes, we provide discounts for orders over 5kg of almonds."
513,How should I store cashews?,"Keep them in an airtight container in a cool, dry place."
514,Do you deliver walnuts?,"Yes, we offer local delivery for walnuts orders."
515,Are your pistachios salted or unsalted?,We sell both salted and unsalted pistachios.
516,Do you sell peanuts in gift packs?,"Yes, peanuts gift packs are available for special occasions."
517,Do you have roasted macadamia nuts?,"Yes, we sell both raw and roasted macadamia nuts."
518,Are your hazelnuts suitable for vegans?,"Yes, all our hazelnuts are vegan-friendly."
519,What is the shelf life of brazil nuts?,Our brazil nuts stay fresh for about 6 months when stored properly.
520,Do you sell almonds?,"Yes, we have fresh almonds available in various pack sizes."
521,Are your cashews organic?,"Yes, our cashews are certified organic."
522,Do you offer bulk discounts on walnuts?,"Yes, we provide discounts for orders over 5kg of walnuts."
523,How should I store pistachios?,Store in the refrigerator for maximum freshness.
524,Do you deliver peanuts?,"Yes, we offer local delivery for peanuts orders."
525,Are your macadamia nuts salted or unsalted?,We sell both salted and unsalted macadamia nuts.
526,Do you sell hazelnuts in gift packs?,"Yes, hazelnuts gift packs are available for special occasions."
527,Do you have roasted brazil nuts?,"Yes, we sell both raw and roasted brazil nuts."
528,Are your almonds suitable for vegans?,"Yes, all our almonds are vegan-friendly."
529,What is the shelf life of cashews?,Our cashews stay fresh for about 6 months when stored properly.
530,Do you sell walnuts?,"Yes, we have fresh walnuts available in various pack sizes."
531,Are your pistachios organic?,"Yes, our pistachios are certified organic."
532,Do you offer bulk discounts on peanuts?,"Yes, we provide discounts for orders over 5kg of peanuts."
533,How should I store macadamia nuts?,Keep away from direct sunlight.
534,Do you deliver hazelnuts?,"Yes, we offer local delivery for hazelnuts orders."
535,Are your brazil nuts salted or unsalted?,We sell both salted and unsalted brazil nuts.
536,Do you sell almonds in gift packs?,"Yes, almonds gift packs are available for special occasions."
537,Do you have roasted cashews?,"Yes, we sell both raw and roasted cashews."
538,Are your walnuts suitable for vegans?,"Yes, all our walnuts are vegan-friendly."
539,What is the shelf life of pistachios?,Our pistachios stay fresh for about 6 months when stored properly.
540,Do you sell peanuts?,"Yes, we have fresh peanuts available in various pack sizes."
541,Are your macadamia nuts organic?,"Yes, our macadamia nuts are certified organic."
542,Do you offer bulk discounts on hazelnuts?,"Yes, we provide discounts for orders over 5kg of hazelnuts."
543,How should I store brazil nuts?,"Keep them in an airtight container in a cool, dry place."
544,Do you deliver almonds?,"Yes, we offer local delivery for almonds orders."
545,Are your cashews salted or unsalted?,We sell both salted and unsalted cashews.
546,Do you sell walnuts in gift packs?,"Yes, walnuts gift packs are available for special occasions."
547,Do you have roasted pistachios?,"Yes, we sell both raw and roasted pistachios."
548,Are your peanuts suitable for vegans?,"Yes, all our peanuts are vegan-friendly."
549,What is the shelf life of macadamia nuts?,Our macadamia nuts stay fresh for about 6 months when stored properly.
550,Do you sell hazelnuts?,"Yes, we have fresh hazelnuts available in various pack sizes."
551,Are your brazil nuts organic?,"Yes, our brazil nuts are certified organic."
552,Do you offer bulk discounts on almonds?,"Yes, we provide discounts for orders over 5kg of almonds."
553,How should I store cashews?,Store in the refrigerator for maximum freshness.
554,Do you deliver walnuts?,"Yes, we offer local delivery for walnuts orders."
555,Are your pistachios salted or unsalted?,We sell both salted and unsalted pistachios.
556,Do you sell peanuts in gift packs?,"Yes, peanuts gift packs are available for special occasions."
557,Do you have roasted macadamia nuts?,"Yes, we sell both raw and roasted macadamia nuts."
558,Are your hazelnuts suitable for vegans?,"Yes, all our hazelnuts are vegan-friendly."
559,What is the shelf life of brazil nuts?,Our brazil nuts stay fresh for about 6 months when stored properly.
560,Do you sell almonds?,"Yes, we have fresh almonds available in various pack sizes."
561,Are your cashews organic?,"Yes, our cashews are certified organic."
562,Do you offer bulk discounts on walnuts?,"Yes, we provide discounts for orders over 5kg of walnuts."
563,How should I store pistachios?,Keep away from direct sunlight.
564,Do you deliver peanuts?,"Yes, we offer local delivery for peanuts orders."
565,Are your macadamia nuts salted or unsalted?,We sell both salted and unsalted macadamia nuts.
566,Do you sell hazelnuts in gift packs?,"Yes, hazelnuts gift packs are available for special occasions."
567,Do you have roasted brazil nuts?,"Yes, we sell both raw and roasted brazil nuts."
568,Are your almonds suitable for vegans?,"Yes, all our almonds are vegan-friendly."
569,What is the shelf life of cashews?,Our cashews stay fresh for about 6 months when stored properly.
570,Do you sell walnuts?,"Yes, we have fresh walnuts available in various pack sizes."
571,Are your pistachios organic?,"Yes, our pistachios are certified organic."
572,Do you offer bulk discounts on peanuts?,"Yes, we provide discounts for orders over 5kg of peanuts."
573,How should I store macadamia nuts?,"Keep them in an airtight container in a cool, dry place."
574,Do you deliver hazelnuts?,"Yes, we offer local delivery for hazelnuts orders."
575,Are your brazil nuts salted or unsalted?,We sell both salted and unsalted brazil nuts.
576,Do you sell almonds in gift packs?,"Yes, almonds gift packs are available for special occasions."
577,Do you have roasted cashews?,"Yes, we sell both raw and roasted cashews."
578,Are your walnuts suitable for vegans?,"Yes, all our walnuts are vegan-friendly."
579,What is the shelf life of pistachios?,Our pistachios stay fresh for about 6 months when stored properly.
580,Do you sell peanuts?,"Yes, we have fresh peanuts available in various pack sizes."
581,Are your macadamia nuts organic?,"Yes, our macadamia nuts are certified organic."
582,Do you offer bulk discounts on hazelnuts?,"Yes, we provide discounts for orders over 5kg of hazelnuts."
583,How should I store brazil nuts?,Store in the refrigerator for maximum freshness.
584,Do you deliver almonds?,"Yes, we offer local delivery for almonds orders."
585,Are your cashews salted or unsalted?,We sell both salted and unsalted cashews.
586,Do you sell walnuts in gift packs?,"Yes, walnuts gift packs are available for special occasions."
587,Do you have roasted pistachios?,"Yes, we sell both raw and roasted pistachios."
588,Are your peanuts suitable for vegans?,"Yes, all our peanuts are vegan-friendly."
589,What is the shelf life of macadamia nuts?,Our macadamia nuts stay fresh for about 6 months when stored properly.
590,Do you sell hazelnuts?,"Yes, we have fresh hazelnuts available in various pack sizes."
591,Are your brazil nuts organic?,"Yes, our brazil nuts are certified organic."
592,Do you offer bulk discounts on almonds?,"Yes, we provide discounts for orders over 5kg of almonds."
593,How should I store cashews?,Keep away from direct sunlight.
594,Do you deliver walnuts?,"Yes, we offer local delivery for walnuts orders."
595,Are your pistachios salted or unsalted?,We sell both salted and unsalted pistachios.
596,Do you sell peanuts in gift packs?,"Yes, peanuts gift packs are available for special occasions."
597,Do you have roasted macadamia nuts?,"Yes, we sell both raw and roasted macadamia nuts."
598,Are your hazelnuts suitable for vegans?,"Yes, all our hazelnuts are vegan-friendly."
599,What is the shelf life of brazil nuts?,Our brazil nuts stay fresh for about 6 months when stored properly.
600,Do you sell almonds?,"Yes, we have fresh almonds available in various pack sizes."
601,Are your cashews organic?,"Yes, our cashews are certified organic."
602,Do you offer bulk discounts on walnuts?,"Yes, we provide discounts for orders over 5kg of walnuts."
603,How should I store pistachios?,"Keep them in an airtight container in a cool, dry place."
604,Do you deliver peanuts?,"Yes, we offer local delivery for peanuts orders."
605,Are your macadamia nuts salted or unsalted?,We sell both salted and unsalted macadamia nuts.
606,Do you sell hazelnuts in gift packs?,"Yes, hazelnuts gift packs are available for special occasions."
607,Do you have roasted brazil nuts?,"Yes, we sell both raw and roasted brazil nuts."
608,Are your almonds suitable for vegans?,"Yes, all our almonds are vegan-friendly."
609,What is the shelf life of cashews?,Our cashews stay fresh for about 6 months when stored properly.
610,Do you sell walnuts?,"Yes, we have fresh walnuts available in various pack sizes."
611,Are your pistachios organic?,"Yes, our pistachios are certified organic."
612,Do you offer bulk discounts on peanuts?,"Yes, we provide discounts for orders over 5kg of peanuts."
613,How should I store macadamia nuts?,Store in the refrigerator for maximum freshness.
614,Do you deliver hazelnuts?,"Yes, we offer local delivery for hazelnuts orders."
615,Are your brazil nuts salted or unsalted?,We sell both salted and unsalted brazil nuts.
616,Do you sell almonds in gift packs?,"Yes, almonds gift packs are available for special occasions."
617,Do you have roasted cashews?,"Yes, we sell both raw and roasted cashews."
618,Are your walnuts suitable for vegans?,"Yes, all our walnuts are vegan-friendly."
619,What is the shelf life of pistachios?,Our pistachios stay fresh for about 6 months when stored properly.
620,Do you sell peanuts?,"Yes, we have fresh peanuts available in various pack sizes."
621,Are your macadamia nuts organic?,"Yes, our macadamia nuts are certified organic."
622,Do you offer bulk discounts on hazelnuts?,"Yes, we provide discounts for orders over 5kg of hazelnuts."
623,How should I store brazil nuts?,Keep away from direct sunlight.
624,Do you deliver almonds?,"Yes, we offer local delivery for almonds orders."
625,Are your cashews salted or unsalted?,We sell both salted and unsalted cashews.
626,Do you sell walnuts in gift packs?,"Yes, walnuts gift packs are available for special occasions."
627,Do you have roasted pistachios?,"Yes, we sell both raw and roasted pistachios."
628,Are your peanuts suitable for vegans?,"Yes, all our peanuts are vegan-friendly."
629,What is the shelf life of macadamia nuts?,Our macadamia nuts stay fresh for about 6 months when stored properly.
630,Do you sell hazelnuts?,"Yes, we have fresh hazelnuts available in various pack sizes."
631,Are your brazil nuts organic?,"Yes, our brazil nuts are certified organic."
632,Do you offer bulk discounts on almonds?,"Yes, we provide discounts for orders over 5kg of almonds."
633,How should I store cashews?,"Keep them in an airtight container in a cool, dry place."
634,Do you deliver walnuts?,"Yes, we offer local delivery for walnuts orders."
635,Are your pistachios salted or unsalted?,We sell both salted and unsalted pistachios.
636,Do you sell peanuts in gift packs?,"Yes, peanuts gift packs are available for special occasions."
637,Do you have roasted macadamia nuts?,"Yes, we sell both raw and roasted macadamia nuts."
638,Are your hazelnuts suitable for vegans?,"Yes, all our hazelnuts are vegan-friendly."
639,What is the shelf life of brazil nuts?,Our brazil nuts stay fresh for about 6 months when stored properly.
640,Do you sell almonds?,"Yes, we have fresh almonds available in various pack sizes."
641,Are your cashews organic?,"Yes, our cashews are certified organic."
642,Do you offer bulk discounts on walnuts?,"Yes, we provide discounts for orders over 5kg of walnuts."
643,How should I store pistachios?,Store in the refrigerator for maximum freshness.
644,Do you deliver peanuts?,"Yes, we offer local delivery for peanuts orders."
645,Are your macadamia nuts salted or unsalted?,We sell both salted and unsalted macadamia nuts.
646,Do you sell hazelnuts in gift packs?,"Yes, hazelnuts gift packs are available for special occasions."
647,Do you have roasted brazil nuts?,"Yes, we sell both raw and roasted brazil nuts."
648,Are your almonds suitable for vegans?,"Yes, all our almonds are vegan-friendly."
649,What is the shelf life of cashews?,Our cashews stay fresh for about 6 months when stored properly.
650,Do you sell walnuts?,"Yes, we have fresh walnuts available in various pack sizes."
651,Are your pistachios organic?,"Yes, our pistachios are certified organic."
652,Do you offer bulk discounts on peanuts?,"Yes, we provide discounts for orders over 5kg of peanuts."
653,How should I store macadamia nuts?,Keep away from direct sunlight.
654,Do you deliver hazelnuts?,"Yes, we offer local delivery for hazelnuts orders."
655,Are your brazil nuts salted or unsalted?,We sell both salted and unsalted brazil nuts.
656,Do you sell almonds in gift packs?,"Yes, almonds gift packs are available for special occasions."
657,Do you have roasted cashews?,"Yes, we sell both raw and roasted cashews."
658,Are your walnuts suitable for vegans?,"Yes, all our walnuts are vegan-friendly."
659,What is the shelf life of pistachios?,Our pistachios stay fresh for about 6 months when stored properly.
660,Do you sell peanuts?,"Yes, we have fresh peanuts available in various pack sizes."
661,Are your macadamia nuts organic?,"Yes, our macadamia nuts are certified organic."
662,Do you offer bulk discounts on hazelnuts?,"Yes, we provide discounts for orders over 5kg of hazelnuts."
663,How should I store brazil nuts?,"Keep them in an airtight container in a cool, dry place."
664,Do you deliver almonds?,"Yes, we offer local delivery for almonds orders."
665,Are your cashews salted or unsalted?,We sell both salted and unsalted cashews.
666,Do you sell walnuts in gift packs?,"Yes, walnuts gift packs are available for special occasions."
667,Do you have roasted pistachios?,"Yes, we sell both raw and roasted pistachios."
668,Are your peanuts suitable for vegans?,"Yes, all our peanuts are vegan-friendly."
669,What is the shelf life of macadamia nuts?,Our macadamia nuts stay fresh for about 6 months when stored properly.
670,Do you sell hazelnuts?,"Yes, we have fresh hazelnuts available in various pack sizes."
671,Are your brazil nuts organic?,"Yes, our brazil nuts are certified organic."
672,Do you offer bulk discounts on almonds?,"Yes, we provide discounts for orders over 5kg of almonds."
673,How should I store cashews?,Store in the refrigerator for maximum freshness.
674,Do you deliver walnuts?,"Yes, we offer local delivery for walnuts orders."
675,Are your pistachios salted or unsalted?,We sell both salted and unsalted pistachios.
676,Do you sell peanuts in gift packs?,"Yes, peanuts gift packs are available for special occasions."
677,Do you have roasted macadamia nuts?,"Yes, we sell both raw and roasted macadamia nuts."
678,Are your hazelnuts suitable for vegans?,"Yes, all our hazelnuts are vegan-friendly."
679,What is the shelf life of brazil nuts?,Our brazil nuts stay fresh for about 6 months when stored properly.
680,Do you sell almonds?,"Yes, we have fresh almonds available in various pack sizes."
681,Are your cashews organic?,"Yes, our cashews are certified organic."
682,Do you offer bulk discounts on walnuts?,"Yes, we provide discounts for orders over 5kg of walnuts."
683,How should I store pistachios?,Keep away from direct sunlight.
684,Do you deliver peanuts?,"Yes, we offer local delivery for peanuts orders."
685,Are your macadamia nuts salted or unsalted?,We sell both salted and unsalted macadamia nuts.
686,Do you sell hazelnuts in gift packs?,"Yes, hazelnuts gift packs are available for special occasions."
687,Do you have roasted brazil nuts?,"Yes, we sell both raw and roasted brazil nuts."
688,Are your almonds suitable for vegans?,"Yes, all our almonds are vegan-friendly."
689,What is the shelf life of cashews?,Our cashews stay fresh for about 6 months when stored properly.
690,Do you sell walnuts?,"Yes, we have fresh walnuts available in various pack sizes."
691,Are your pistachios organic?,"Yes, our pistachios are certified organic."
692,Do you offer bulk discounts on peanuts?,"Yes, we provide discounts for orders over 5kg of peanuts."
693,How should I store macadamia nuts?,"Keep them in an airtight container in a cool, dry place."
694,Do you deliver hazelnuts?,"Yes, we offer local delivery for hazelnuts orders."
695,Are your brazil nuts salted or unsalted?,We sell both salted and unsalted brazil nuts.
696,Do you sell almonds in gift packs?,"Yes, almonds gift packs are available for special occasions."
697,Do you have roasted cashews?,"Yes, we sell both raw and roasted cashews."
698,Are your walnuts suitable for vegans?,"Yes, all our walnuts are vegan-friendly."
699,What is the shelf life of pistachios?,Our pistachios stay fresh for about 6 months when stored properly.
700,Do you sell peanuts?,"Yes, we have fresh peanuts available in various pack sizes."
701,Are your macadamia nuts organic?,"Yes, our macadamia nuts are certified organic."
702,Do you offer bulk discounts on hazelnuts?,"Yes, we provide discounts for orders over 5kg of hazelnuts."
703,How should I store brazil nuts?,Store in the refrigerator for maximum freshness.
704,Do you deliver almonds?,"Yes, we offer local delivery for almonds orders."
705,Are your cashews salted or unsalted?,We sell both salted and unsalted cashews.
706,Do you sell walnuts in gift packs?,"Yes, walnuts gift packs are available for special occasions."
707,Do you have roasted pistachios?,"Yes, we sell both raw and roasted pistachios."
708,Are your peanuts suitable for vegans?,"Yes, all our peanuts are vegan-friendly."
709,What is the shelf life of macadamia nuts?,Our macadamia nuts stay fresh for about 6 months when stored properly.
710,Do you sell hazelnuts?,"Yes, we have fresh hazelnuts available in various pack sizes."
711,Are your brazil nuts organic?,"Yes, our brazil nuts are certified organic."
712,Do you offer bulk discounts on almonds?,"Yes, we provide discounts for orders over 5kg of almonds."
713,How should I store cashews?,Keep away from direct sunlight.
714,Do you deliver walnuts?,"Yes, we offer local delivery for walnuts orders."
715,Are your pistachios salted or unsalted?,We sell both salted and unsalted pistachios.
716,Do you sell peanuts in gift packs?,"Yes, peanuts gift packs are available for special occasions."
717,Do you have roasted macadamia nuts?,"Yes, we sell both raw and roasted macadamia nuts."
718,Are your hazelnuts suitable for vegans?,"Yes, all our hazelnuts are vegan-friendly."
719,What is the shelf life of brazil nuts?,Our brazil nuts stay fresh for about 6 months when stored properly.
720,Do you sell almonds?,"Yes, we have fresh almonds available in various pack sizes."
721,Are your cashews organic?,"Yes, our cashews are certified organic."
722,Do you offer bulk discounts on walnuts?,"Yes, we provide discounts for orders over 5kg of walnuts."
723,How should I store pistachios?,"Keep them in an airtight container in a cool, dry place."
724,Do you deliver peanuts?,"Yes, we offer local delivery for peanuts orders."
725,Are your macadamia nuts salted or unsalted?,We sell both salted and unsalted macadamia nuts.
726,Do you sell hazelnuts in gift packs?,"Yes, hazelnuts gift packs are available for special occasions."
727,Do you have roasted brazil nuts?,"Yes, we sell both raw and roasted brazil nuts."
728,Are your almonds suitable for vegans?,"Yes, all our almonds are vegan-friendly."
729,What is the shelf life of cashews?,Our cashews stay fresh for about 6 months when stored properly.
730,Do you sell walnuts?,"Yes, we have fresh walnuts available in various pack sizes."
731,Are your pistachios organic?,"Yes, our pistachios are certified organic."
732,Do you offer bulk discounts on peanuts?,"Yes, we provide discounts for orders over 5kg of peanuts."
733,How should I store macadamia nuts?,Store in the refrigerator for maximum freshness.
734,Do you deliver hazelnuts?,"Yes, we offer local delivery for hazelnuts orders."
735,Are your brazil nuts salted or unsalted?,We sell both salted and unsalted brazil nuts.
736,Do you sell almonds in gift packs?,"Yes, almonds gift packs are available for special occasions."
737,Do you have roasted cashews?,"Yes, we sell both raw and roasted cashews."
738,Are your walnuts suitable for vegans?,"Yes, all our walnuts are vegan-friendly."
739,What is the shelf life of pistachios?,Our pistachios stay fresh for about 6 months when stored properly.
740,Do you sell peanuts?,"Yes, we have fresh peanuts available in various pack sizes."
741,Are your macadamia nuts organic?,"Yes, our macadamia nuts are certified organic."
742,Do you offer bulk discounts on hazelnuts?,"Yes, we provide discounts for orders over 5kg of hazelnuts."
743,How should I store brazil nuts?,Keep away from direct sunlight.
744,Do you deliver almonds?,"Yes, we offer local delivery for almonds orders."
745,Are your cashews salted or unsalted?,We sell both salted and unsalted cashews.
746,Do you sell walnuts in gift packs?,"Yes, walnuts gift packs are available for special occasions."
747,Do you have roasted pistachios?,"Yes, we sell both raw and roasted pistachios."
748,Are your peanuts suitable for vegans?,"Yes, all our peanuts are vegan-friendly."
749,What is the shelf life of macadamia nuts?,Our macadamia nuts stay fresh for about 6 months when stored properly.
750,Do you sell hazelnuts?,"Yes, we have fresh hazelnuts available in various pack sizes."
751,Are your brazil nuts organic?,"Yes, our brazil nuts are certified organic."
752,Do you offer bulk discounts on almonds?,"Yes, we provide discounts for orders over 5kg of almonds."
753,How should I store cashews?,"Keep them in an airtight container in a cool, dry place."
754,Do you deliver walnuts?,"Yes, we offer local delivery for walnuts orders."
755,Are your pistachios salted or unsalted?,We sell both salted and unsalted pistachios.
756,Do you sell peanuts in gift packs?,"Yes, peanuts gift packs are available for special occasions."
757,Do you have roasted macadamia nuts?,"Yes, we sell both raw and roasted macadamia nuts."
758,Are your hazelnuts suitable for vegans?,"Yes, all our hazelnuts are vegan-friendly."
759,What is the shelf life of brazil nuts?,Our brazil nuts stay fresh for about 6 months when stored properly.
760,Do you sell almonds?,"Yes, we have fresh almonds available in various pack sizes."
761,Are your cashews organic?,"Yes, our cashews are certified organic."
762,Do you offer bulk discounts on walnuts?,"Yes, we provide discounts for orders over 5kg of walnuts."
763,How should I store pistachios?,Store in the refrigerator for maximum freshness.
764,Do you deliver peanuts?,"Yes, we offer local delivery for peanuts orders."
765,Are your macadamia nuts salted or unsalted?,We sell both salted and unsalted macadamia nuts.
766,Do you sell hazelnuts in gift packs?,"Yes, hazelnuts gift packs are available for special occasions."
767,Do you have roasted brazil nuts?,"Yes, we sell both raw and roasted brazil nuts."
768,Are your almonds suitable for vegans?,"Yes, all our almonds are vegan-friendly."
769,What is the shelf life of cashews?,Our cashews stay fresh for about 6 months when stored properly.
770,Do you sell walnuts?,"Yes, we have fresh walnuts available in various pack sizes."
771,Are your pistachios organic?,"Yes, our pistachios are certified organic."
772,Do you offer bulk discounts on peanuts?,"Yes, we provide discounts for orders over 5kg of peanuts."
773,How should I store macadamia nuts?,Keep away from direct sunlight.
774,Do you deliver hazelnuts?,"Yes, we offer local delivery for hazelnuts orders."
775,Are your brazil nuts salted or unsalted?,We sell both salted and unsalted brazil nuts.
776,Do you sell almonds in gift packs?,"Yes, almonds gift packs are available for special occasions."
777,Do you have roasted cashews?,"Yes, we sell both raw and roasted cashews."
778,Are your walnuts suitable for vegans?,"Yes, all our walnuts are vegan-friendly."
779,What is the shelf life of pistachios?,Our pistachios stay fresh for about 6 months when stored properly.
780,Do you sell peanuts?,"Yes, we have fresh peanuts available in various pack sizes."
781,Are your macadamia nuts organic?,"Yes, our macadamia nuts are certified organic."
782,Do you offer bulk discounts on hazelnuts?,"Yes, we provide discounts for orders over 5kg of hazelnuts."
783,How should I store brazil nuts?,"Keep them in an airtight container in a cool, dry place."
784,Do you deliver almonds?,"Yes, we offer local delivery for almonds orders."
785,Are your cashews salted or unsalted?,We sell both salted and unsalted cashews.
786,Do you sell walnuts in gift packs?,"Yes, walnuts gift packs are available for special occasions."
787,Do you have roasted pistachios?,"Yes, we sell both raw and roasted pistachios."
788,Are your peanuts suitable for vegans?,"Yes, all our peanuts are vegan-friendly."
789,What is the shelf life of macadamia nuts?,Our macadamia nuts stay fresh for about 6 months when stored properly.
790,Do you sell hazelnuts?,"Yes, we have fresh hazelnuts available in various pack sizes."
791,Are your brazil nuts organic?,"Yes, our brazil nuts are certified organic."
792,Do you offer bulk discounts on almonds?,"Yes, we provide discounts for orders over 5kg of almonds."
793,How should I store cashews?,Store in the refrigerator for maximum freshness.
794,Do you deliver walnuts?,"Yes, we offer local delivery for walnuts orders."
795,Are your pistachios salted or unsalted?,We sell both salted and unsalted pistachios.
796,Do you sell peanuts in gift packs?,"Yes, peanuts gift packs are available for special occasions."
797,Do you have roasted macadamia nuts?,"Yes, we sell both raw and roasted macadamia nuts."
798,Are your hazelnuts suitable for vegans?,"Yes, all our hazelnuts are vegan-friendly."
799,What is the shelf life of brazil nuts?,Our brazil nuts stay fresh for about 6 months when stored properly.
800,Do you sell almonds?,"Yes, we have fresh almonds available in various pack sizes."
801,Are your cashews organic?,"Yes, our cashews are certified organic."
802,Do you offer bulk discounts on walnuts?,"Yes, we provide discounts for orders over 5kg of walnuts."
803,How should I store pistachios?,Keep away from direct sunlight.
804,Do you deliver peanuts?,"Yes, we offer local delivery for peanuts orders."
805,Are your macadamia nuts salted or unsalted?,We sell both salted and unsalted macadamia nuts.
806,Do you sell hazelnuts in gift packs?,"Yes, hazelnuts gift packs are available for special occasions."
807,Do you have roasted brazil nuts?,"Yes, we sell both raw and roasted brazil nuts."
808,Are your almonds suitable for vegans?,"Yes, all our almonds are vegan-friendly."
809,What is the shelf life of cashews?,Our cashews stay fresh for about 6 months when stored properly.
810,Do you sell walnuts?,"Yes, we have fresh walnuts available in various pack sizes."
811,Are your pistachios organic?,"Yes, our pistachios are certified organic."
812,Do you offer bulk discounts on peanuts?,"Yes, we provide discounts for orders over 5kg of peanuts."
813,How should I store macadamia nuts?,"Keep them in an airtight container in a cool, dry place."
814,Do you deliver hazelnuts?,"Yes, we offer local delivery for hazelnuts orders."
815,Are your brazil nuts salted or unsalted?,We sell both salted and unsalted brazil nuts.
816,Do you sell almonds in gift packs?,"Yes, almonds gift packs are available for special occasions."
817,Do you have roasted cashews?,"Yes, we sell both raw and roasted cashews."
818,Are your walnuts suitable for vegans?,"Yes, all our walnuts are vegan-friendly."
819,What is the shelf life of pistachios?,Our pistachios stay fresh for about 6 months when stored properly.
820,Do you sell peanuts?,"Yes, we have fresh peanuts available in various pack sizes."
821,Are your macadamia nuts organic?,"Yes, our macadamia nuts are certified organic."
822,Do you offer bulk discounts on hazelnuts?,"Yes, we provide discounts for orders over 5kg of hazelnuts."
823,How should I store brazil nuts?,Store in the refrigerator for maximum freshness.
824,Do you deliver almonds?,"Yes, we offer local delivery for almonds orders."
825,Are your cashews salted or unsalted?,We sell both salted and unsalted cashews.
826,Do you sell walnuts in gift packs?,"Yes, walnuts gift packs are available for special occasions."
827,Do you have roasted pistachios?,"Yes, we sell both raw and roasted pistachios."
828,Are your peanuts suitable for vegans?,"Yes, all our peanuts are vegan-friendly."
829,What is the shelf life of macadamia nuts?,Our macadamia nuts stay fresh for about 6 months when stored properly.
830,Do you sell hazelnuts?,"Yes, we have fresh hazelnuts available in various pack sizes."
831,Are your brazil nuts organic?,"Yes, our brazil nuts are certified organic."
832,Do you offer bulk discounts on almonds?,"Yes, we provide discounts for orders over 5kg of almonds."
833,How should I store cashews?,Keep away from direct sunlight.
834,Do you deliver walnuts?,"Yes, we offer local delivery for walnuts orders."
835,Are your pistachios salted or unsalted?,We sell both salted and unsalted pistachios.
836,Do you sell peanuts in gift packs?,"Yes, peanuts gift packs are available for special occasions."
837,Do you have roasted macadamia nuts?,"Yes, we sell both raw and roasted macadamia nuts."
838,Are your hazelnuts suitable for vegans?,"Yes, all our hazelnuts are vegan-friendly."
839,What is the shelf life of brazil nuts?,Our brazil nuts stay fresh for about 6 months when stored properly.
840,Do you sell almonds?,"Yes, we have fresh almonds available in various pack sizes."
841,Are your cashews organic?,"Yes, our cashews are certified organic."
842,Do you offer bulk discounts on walnuts?,"Yes, we provide discounts for orders over 5kg of walnuts."
843,How should I store pistachios?,"Keep them in an airtight container in a cool, dry place."
844,Do you deliver peanuts?,"Yes, we offer local delivery for peanuts orders."
845,Are your macadamia nuts salted or unsalted?,We sell both salted and unsalted macadamia nuts.
846,Do you sell hazelnuts in gift packs?,"Yes, hazelnuts gift packs are available for special occasions."
847,Do you have roasted brazil nuts?,"Yes, we sell both raw and roasted brazil nuts."
848,Are your almonds suitable for vegans?,"Yes, all our almonds are vegan-friendly."
849,What is the shelf life of cashews?,Our cashews stay fresh for about 6 months when stored properly.
850,Do you sell walnuts?,"Yes, we have fresh walnuts available in various pack sizes."
851,Are your pistachios organic?,"Yes, our pistachios are certified organic."
852,Do you offer bulk discounts on peanuts?,"Yes, we provide discounts for orders over 5kg of peanuts."
853,How should I store macadamia nuts?,Store in the refrigerator for maximum freshness.
854,Do you deliver hazelnuts?,"Yes, we offer local delivery for hazelnuts orders."
855,Are your brazil nuts salted or unsalted?,We sell both salted and unsalted brazil nuts.
856,Do you sell almonds in gift packs?,"Yes, almonds gift packs are available for special occasions."
857,Do you have roasted cashews?,"Yes, we sell both raw and roasted cashews."
858,Are your walnuts suitable for vegans?,"Yes, all our walnuts are vegan-friendly."
859,What is the shelf life of pistachios?,Our pistachios stay fresh for about 6 months when stored properly.
860,Do you sell peanuts?,"Yes, we have fresh peanuts available in various pack sizes."
861,Are your macadamia nuts organic?,"Yes, our macadamia nuts are certified organic."
862,Do you offer bulk discounts on hazelnuts?,"Yes, we provide discounts for orders over 5kg of hazelnuts."
863,How should I store brazil nuts?,Keep away from direct sunlight.
864,Do you deliver almonds?,"Yes, we offer local delivery for almonds orders."
865,Are your cashews salted or unsalted?,We sell both salted and unsalted cashews.
866,Do you sell walnuts in gift packs?,"Yes, walnuts gift packs are available for special occasions."
867,Do you have roasted pistachios?,"Yes, we sell both raw and roasted pistachios."
868,Are your peanuts suitable for vegans?,"Yes, all our peanuts are vegan-friendly."
869,What is the shelf life of macadamia nuts?,Our macadamia nuts stay fresh for about 6 months when stored properly.
870,Do you sell hazelnuts?,"Yes, we have fresh hazelnuts available in various pack sizes."
871,Are your brazil nuts organic?,"Yes, our brazil nuts are certified organic."
872,Do you offer bulk discounts on almonds?,"Yes, we provide discounts for orders over 5kg of almonds."
873,How should I store cashews?,"Keep them in an airtight container in a cool, dry place."
874,Do you deliver walnuts?,"Yes, we offer local delivery for walnuts orders."
875,Are your pistachios salted or unsalted?,We sell both salted and unsalted pistachios.
876,Do you sell peanuts in gift packs?,"Yes, peanuts gift packs are available for special occasions."
877,Do you have roasted macadamia nuts?,"Yes, we sell both raw and roasted macadamia nuts."
878,Are your hazelnuts suitable for vegans?,"Yes, all our hazelnuts are vegan-friendly."
879,What is the shelf life of brazil nuts?,Our brazil nuts stay fresh for about 6 months when stored properly.
880,Do you sell almonds?,"Yes, we have fresh almonds available in various pack sizes."
881,Are your cashews organic?,"Yes, our cashews are certified organic."
882,Do you offer bulk discounts on walnuts?,"Yes, we provide discounts for orders over 5kg of walnuts."
883,How should I store pistachios?,Store in the refrigerator for maximum freshness.
884,Do you deliver peanuts?,"Yes, we offer local delivery for peanuts orders."
885,Are your macadamia nuts salted or unsalted?,We sell both salted and unsalted macadamia nuts.
886,Do you sell hazelnuts in gift packs?,"Yes, hazelnuts gift packs are available for special occasions."
887,Do you have roasted brazil nuts?,"Yes, we sell both raw and roasted brazil nuts."
888,Are your almonds suitable for vegans?,"Yes, all our almonds are vegan-friendly."
889,What is the shelf life of cashews?,Our cashews stay fresh for about 6 months when stored properly.
890,Do you sell walnuts?,"Yes, we have fresh walnuts available in various pack sizes."
891,Are your pistachios organic?,"Yes, our pistachios are certified organic."
892,Do you offer bulk discounts on peanuts?,"Yes, we provide discounts for orders over 5kg of peanuts."
893,How should I store macadamia nuts?,Keep away from direct sunlight.
894,Do you deliver hazelnuts?,"Yes, we offer local delivery for hazelnuts orders."
895,Are your brazil nuts salted or unsalted?,We sell both salted and unsalted brazil nuts.
896,Do you sell almonds in gift packs?,"Yes, almonds gift packs are available for special occasions."
897,Do you have roasted cashews?,"Yes, we sell both raw and roasted cashews."
898,Are your walnuts suitable for vegans?,"Yes, all our walnuts are vegan-friendly."
899,What is the shelf life of pistachios?,Our pistachios stay fresh for about 6 months when stored properly.
900,Do you sell peanuts?,"Yes, we have fresh peanuts available in various pack sizes."
901,Are your macadamia nuts organic?,"Yes, our macadamia nuts are certified organic."
902,Do you offer bulk discounts on hazelnuts?,"Yes, we provide discounts for orders over 5kg of hazelnuts."
903,How should I store brazil nuts?,"Keep them in an airtight container in a cool, dry place."
904,Do you deliver almonds?,"Yes, we offer local delivery for almonds orders."
905,Are your cashews salted or unsalted?,We sell both salted and unsalted cashews.
906,Do you sell walnuts in gift packs?,"Yes, walnuts gift packs are available for special occasions."
907,Do you have roasted pistachios?,"Yes, we sell both raw and roasted pistachios."
908,Are your peanuts suitable for vegans?,"Yes, all our peanuts are vegan-friendly."
909,What is the shelf life of macadamia nuts?,Our macadamia nuts stay fresh for about 6 months when stored properly.
910,Do you sell hazelnuts?,"Yes, we have fresh hazelnuts available in various pack sizes."
911,Are your brazil nuts organic?,"Yes, our brazil nuts are certified organic."
912,Do you offer bulk discounts on almonds?,"Yes, we provide discounts for orders over 5kg of almonds."
913,How should I store cashews?,Store in the refrigerator for maximum freshness.
914,Do you deliver walnuts?,"Yes, we offer local delivery for walnuts orders."
915,Are your pistachios salted or unsalted?,We sell both salted and unsalted pistachios.
916,Do you sell peanuts in gift packs?,"Yes, peanuts gift packs are available for special occasions."
917,Do you have roasted macadamia nuts?,"Yes, we sell both raw and roasted macadamia nuts."
918,Are your hazelnuts suitable for vegans?,"Yes, all our hazelnuts are vegan-friendly."
919,What is the shelf life of brazil nuts?,Our brazil nuts stay fresh for about 6 months when stored properly.
920,Do you sell almonds?,"Yes, we have fresh almonds available in various pack sizes."
921,Are your cashews organic?,"Yes, our cashews are certified organic."
922,Do you offer bulk discounts on walnuts?,"Yes, we provide discounts for orders over 5kg of walnuts."
923,How should I store pistachios?,Keep away from direct sunlight.
924,Do you deliver peanuts?,"Yes, we offer local delivery for peanuts orders."
925,Are your macadamia nuts salted or unsalted?,We sell both salted and unsalted macadamia nuts.
926,Do you sell hazelnuts in gift packs?,"Yes, hazelnuts gift packs are available for special occasions."
927,Do you have roasted brazil nuts?,"Yes, we sell both raw and roasted brazil nuts."
928,Are your almonds suitable for vegans?,"Yes, all our almonds are vegan-friendly."
929,What is the shelf life of cashews?,Our cashews stay fresh for about 6 months when stored properly.
930,Do you sell walnuts?,"Yes, we have fresh walnuts available in various pack sizes."
931,Are your pistachios organic?,"Yes, our pistachios are certified organic."
932,Do you offer bulk discounts on peanuts?,"Yes, we provide discounts for orders over 5kg of peanuts."
933,How should I store macadamia nuts?,"Keep them in an airtight container in a cool, dry place."
934,Do you deliver hazelnuts?,"Yes, we offer local delivery for hazelnuts orders."
935,Are your brazil nuts salted or unsalted?,We sell both salted and unsalted brazil nuts.
936,Do you sell almonds in gift packs?,"Yes, almonds gift packs are available for special occasions."
937,Do you have roasted cashews?,"Yes, we sell both raw and roasted cashews."
938,Are your walnuts suitable for vegans?,"Yes, all our walnuts are vegan-friendly."
939,What is the shelf life of pistachios?,Our pistachios stay fresh for about 6 months when stored properly.
940,Do you sell peanuts?,"Yes, we have fresh peanuts available in various pack sizes."
941,Are your macadamia nuts organic?,"Yes, our macadamia nuts are certified organic."
942,Do you offer bulk discounts on hazelnuts?,"Yes, we provide discounts for orders over 5kg of hazelnuts."
943,How should I store brazil nuts?,Store in the refrigerator for maximum freshness.
944,Do you deliver almonds?,"Yes, we offer local delivery for almonds orders."
945,Are your cashews salted or unsalted?,We sell both salted and unsalted cashews.
946,Do you sell walnuts in gift packs?,"Yes, walnuts gift packs are available for special occasions."
947,Do you have roasted pistachios?,"Yes, we sell both raw and roasted pistachios."
948,Are your peanuts suitable for vegans?,"Yes, all our peanuts are vegan-friendly."
949,What is the shelf life of macadamia nuts?,Our macadamia nuts stay fresh for about 6 months when stored properly.
950,Do you sell hazelnuts?,"Yes, we have fresh hazelnuts available in various pack sizes."
951,Are your brazil nuts organic?,"Yes, our brazil nuts are certified organic."
952,Do you offer bulk discounts on almonds?,"Yes, we provide discounts for orders over 5kg of almonds."
953,How should I store cashews?,Keep away from direct sunlight.
954,Do you deliver walnuts?,"Yes, we offer local delivery for walnuts orders."
955,Are your pistachios salted or unsalted?,We sell both salted and unsalted pistachios.
956,Do you sell peanuts in gift packs?,"Yes, peanuts gift packs are available for special occasions."
957,Do you have roasted macadamia nuts?,"Yes, we sell both raw and roasted macadamia nuts."
958,Are your hazelnuts suitable for vegans?,"Yes, all our hazelnuts are vegan-friendly."
959,What is the shelf life of brazil nuts?,Our brazil nuts stay fresh for about 6 months when stored properly.
960,Do you sell almonds?,"Yes, we have fresh almonds available in various pack sizes."
961,Are your cashews organic?,"Yes, our cashews are certified organic."
962,Do you offer bulk discounts on walnuts?,"Yes, we provide discounts for orders over 5kg of walnuts."
963,How should I store pistachios?,"Keep them in an airtight container in a cool, dry place."
964,Do you deliver peanuts?,"Yes, we offer local delivery for peanuts orders."
965,Are your macadamia nuts salted or unsalted?,We sell both salted and unsalted macadamia nuts.
966,Do you sell hazelnuts in gift packs?,"Yes, hazelnuts gift packs are available for special occasions."
967,Do you have roasted brazil nuts?,"Yes, we sell both raw and roasted brazil nuts."
968,Are your almonds suitable for vegans?,"Yes, all our almonds are vegan-friendly."
969,What is the shelf life of cashews?,Our cashews stay fresh for about 6 months when stored properly.
970,Do you sell walnuts?,"Yes, we have fresh walnuts available in various pack sizes."
971,Are your pistachios organic?,"Yes, our pistachios are certified organic."
972,Do you offer bulk discounts on peanuts?,"Yes, we provide discounts for orders over 5kg of peanuts."
973,How should I store macadamia nuts?,Store in the refrigerator for maximum freshness.
974,Do you deliver hazelnuts?,"Yes, we offer local delivery for hazelnuts orders."
975,Are your brazil nuts salted or unsalted?,We sell both salted and unsalted brazil nuts.
976,Do you sell almonds in gift packs?,"Yes, almonds gift packs are available for special occasions."
977,Do you have roasted cashews?,"Yes, we sell both raw and roasted cashews."
978,Are your walnuts suitable for vegans?,"Yes, all our walnuts are vegan-friendly."
979,What is the shelf life of pistachios?,Our pistachios stay fresh for about 6 months when stored properly.
980,Do you sell peanuts?,"Yes, we have fresh peanuts available in various pack sizes."
981,Are your macadamia nuts organic?,"Yes, our macadamia nuts are certified organic."
982,Do you offer bulk discounts on hazelnuts?,"Yes, we provide discounts for orders over 5kg of hazelnuts."
983,How should I store brazil nuts?,Keep away from direct sunlight.
984,Do you deliver almonds?,"Yes, we offer local delivery for almonds orders."
985,Are your cashews salted or unsalted?,We sell both salted and unsalted cashews.
986,Do you sell walnuts in gift packs?,"Yes, walnuts gift packs are available for special occasions."
987,Do you have roasted pistachios?,"Yes, we sell both raw and roasted pistachios."
988,Are your peanuts suitable for vegans?,"Yes, all our peanuts are vegan-friendly."
989,What is the shelf life of macadamia nuts?,Our macadamia nuts stay fresh for about 6 months when stored properly.
990,Do you sell hazelnuts?,"Yes, we have fresh hazelnuts available in various pack sizes."
991,Are your brazil nuts organic?,"Yes, our brazil nuts are certified organic."
992,Do you offer bulk discounts on almonds?,"Yes, we provide discounts for orders over 5kg of almonds."
993,How should I store cashews?,"Keep them in an airtight container in a cool, dry place."
994,Do you deliver walnuts?,"Yes, we offer local delivery for walnuts orders."
995,Are your pistachios salted or unsalted?,We sell both salted and unsalted pistachios.
996,Do you sell peanuts in gift packs?,"Yes, peanuts gift packs are available for special occasions."
997,Do you have roasted macadamia nuts?,"Yes, we sell both raw and roasted macadamia nuts."
998,Are your hazelnuts suitable for vegans?,"Yes, all our hazelnuts are vegan-friendly."
999,What is the shelf life of brazil nuts?,Our brazil nuts stay fresh for about 6 months when stored properly.
1000,Do you sell almonds?,"Yes, we have fresh almonds available in various pack sizes."
